{
	"format_version": "1.8.0",
	"animations": {
		"enkaihibashira": {
			"animation_length": 1.29167,
			"bones": {
				"body": {
					"rotation": {
						"0.0": {
							"vector": [0, 0, 0]
						},
						"0.1667": {
							"vector": [0, 22.5, 0]
						},
						"0.4167": {
							"vector": [0, 0, 0]
						},
						"0.5833": {
							"vector": [0, 0, 0]
						},
						"1.2917": {
							"vector": [0, 0, 0]
						}
					},
					"position": {
						"0.0": {
							"vector": [0, 0, 0]
						},
						"0.875": {
							"vector": [0, -2, 0]
						},
						"1.0417": {
							"vector": [0, -2, 0]
						},
						"1.2917": {
							"vector": [0, 0, 0]
						}
					},
					"scale": {
						"0.0": {
							"vector": [1, 1, 1]
						},
						"1.2917": {
							"vector": [1, 1, 1]
						}
					}
				},
				"torso": {
					"rotation": {
						"0.0": {
							"vector": [0, 0, 0]
						},
						"0.1667": {
							"vector": [2.5, 0, 0]
						},
						"1.2917": {
							"vector": [0, 0, 0]
						}
					},
					"position": {
						"0.0": {
							"vector": [0, 0, 0]
						},
						"1.2917": {
							"vector": [0, 0, 0]
						}
					},
					"scale": {
						"0.0": {
							"vector": [1, 1, 1]
						},
						"1.2917": {
							"vector": [1, 1, 1]
						}
					}
				},
				"head": {
					"rotation": {
						"0.0": {
							"vector": [0, 0, 0]
						},
						"0.1667": {
							"vector": [-5, 0, 2.5]
						},
						"0.4167": {
							"vector": [-5.12076, -12.45167, 3.60693]
						},
						"0.5833": {
							"vector": [-5.12076, -12.45167, 3.60693]
						},
						"0.875": {
							"vector": [-32.50474, -2.49048, 2.71803]
						},
						"1.0417": {
							"vector": [-32.50474, -2.49048, 2.71803]
						},
						"1.2917": {
							"vector": [0, 0, 0]
						}
					},
					"position": {
						"0.0": {
							"vector": [0, 0, 0]
						},
						"1.2917": {
							"vector": [0, 0, 0]
						}
					},
					"scale": {
						"0.0": {
							"vector": [1, 1, 1]
						},
						"1.2917": {
							"vector": [1, 1, 1]
						}
					}
				},
				"right_arm": {
					"rotation": {
						"0.0": {
							"vector": [0, 0, 0]
						},
						"0.1667": {
							"vector": [0, 0, 12.5]
						},
						"0.4167": {
							"vector": [-5, 0, 12.5]
						},
						"0.5833": {
							"vector": [-5, 0, 12.5]
						},
						"0.875": {
							"vector": [-4.95744, -0.65182, 5.02822]
						},
						"1.0417": {
							"vector": [-4.95744, -0.65182, 5.02822]
						},
						"1.2917": {
							"vector": [0, 0, 0]
						}
					},
					"position": {
						"0.0": {
							"vector": [0, 0, 0]
						},
						"1.2917": {
							"vector": [0, 0, 0]
						}
					},
					"scale": {
						"0.0": {
							"vector": [1, 1, 1]
						},
						"1.2917": {
							"vector": [1, 1, 1]
						}
					}
				},
				"left_arm": {
					"rotation": {
						"0.0": {
							"vector": [0, 0, 0]
						},
						"0.1667": {
							"vector": [-93.36961, 34.65749, 5.22206]
						},
						"0.4167": {
							"vector": [-94.12133, -47.72229, 10.19148]
						},
						"0.5833": {
							"vector": [-94.12133, -47.72229, 10.19148]
						},
						"0.875": {
							"vector": [-157.55702, -9.58676, 2.13455]
						},
						"1.0417": {
							"vector": [-157.55702, -9.58676, 2.13455]
						},
						"1.2917": {
							"vector": [0, 0, 0]
						}
					},
					"position": {
						"0.0": {
							"vector": [0, 0, 0]
						},
						"0.1667": {
							"vector": [0, 0, -2]
						},
						"0.4167": {
							"vector": [0, 0, -1]
						},
						"0.5833": {
							"vector": [0, 0, -1]
						},
						"0.875": {
							"vector": [0, 0, 0]
						},
						"1.0417": {
							"vector": [0, 0, 0]
						},
						"1.2917": {
							"vector": [0, 0, 0]
						}
					},
					"scale": {
						"0.0": {
							"vector": [1, 1, 1]
						},
						"1.2917": {
							"vector": [1, 1, 1]
						}
					}
				},
				"right_leg": {
					"rotation": {
						"0.0": {
							"vector": [0, 0, 0]
						},
						"0.1667": {
							"vector": [2.5, 0, 5]
						},
						"0.4167": {
							"vector": [0, 0, 12.5]
						},
						"0.5833": {
							"vector": [0, 0, 12.5]
						},
						"0.875": {
							"vector": [0, 0, 15]
						},
						"1.0417": {
							"vector": [0, 0, 15]
						},
						"1.2917": {
							"vector": [0, 0, 0]
						}
					},
					"position": {
						"0.0": {
							"vector": [0, 0, 0]
						},
						"0.875": {
							"vector": [0, 2, 0]
						},
						"1.0417": {
							"vector": [0, 2, 0]
						},
						"1.2917": {
							"vector": [0, 0, 0]
						}
					},
					"scale": {
						"0.0": {
							"vector": [1, 1, 1]
						},
						"1.2917": {
							"vector": [1, 1, 1]
						}
					}
				},
				"left_leg": {
					"rotation": {
						"0.0": {
							"vector": [0, 0, 0]
						},
						"0.1667": {
							"vector": [-5, 0, -5]
						},
						"0.4167": {
							"vector": [0, 0, -5]
						},
						"0.5833": {
							"vector": [0, 0, -5]
						},
						"0.875": {
							"vector": [0, 0, -15]
						},
						"1.0417": {
							"vector": [0, 0, -15]
						},
						"1.2917": {
							"vector": [0, 0, 0]
						}
					},
					"position": {
						"0.0": {
							"vector": [0, 0, 0]
						},
						"0.875": {
							"vector": [0, 2, 0]
						},
						"1.0417": {
							"vector": [0, 2, 0]
						},
						"1.2917": {
							"vector": [0, 0, 0]
						}
					},
					"scale": {
						"0.0": {
							"vector": [1, 1, 1]
						},
						"1.2917": {
							"vector": [1, 1, 1]
						}
					}
				}
			}
		}
	}
}