{
	"format_version": "1.8.0",
	"animations": {
		"Hiken": {
			"animation_length": 1.20833,
			"bones": {
				"body": {
					"rotation": {
						"0.0": {
							"vector": [0, 0, 0]
						},
						"0.25": {
							"vector": [0, 47.5, 0]
						},
						"0.5417": {
							"vector": [0, 0, 0]
						},
						"0.7083": {
							"vector": [0, 0, 0]
						},
						"0.9583": {
							"vector": [0, -12.5, 0]
						},
						"1.2083": {
							"vector": [0, 0, 0]
						}
					},
					"position": {
						"vector": [0, 0, 0]
					},
					"scale": {
						"vector": [1, 1, 1]
					}
				},
				"torso": {
					"rotation": {
						"0.0": {
							"vector": [0, 0, 0]
						},
						"0.25": {
							"vector": [2.5, 0, 0]
						},
						"0.5417": {
							"vector": [0, 0, 0]
						},
						"0.7083": {
							"vector": [0, 0, 0]
						}
					},
					"position": {
						"vector": [0, 0, 0]
					},
					"scale": {
						"vector": [1, 1, 1]
					}
				},
				"head": {
					"rotation": {
						"0.0": {
							"vector": [0, 0, 0]
						},
						"0.25": {
							"vector": [-1.082, -12.01688, 5.09281]
						},
						"0.5417": {
							"vector": [6.418, -12.01688, 5.09281]
						},
						"0.7083": {
							"vector": [6.418, -12.01688, 5.09281]
						},
						"0.9583": {
							"vector": [6.88436, -9.24423, 2.86146]
						},
						"1.2083": {
							"vector": [0, 0, 0]
						}
					},
					"position": {
						"vector": [0, 0, 0]
					},
					"scale": {
						"vector": [1, 1, 1]
					}
				},
				"right_arm": {
					"rotation": {
						"0.0": {
							"vector": [0, 0, 0]
						},
						"0.25": {
							"vector": [35.96402, 62.41542, 114.66923]
						},
						"0.375": {
							"vector": [-56.99276, 0.33648, 76.53995]
						},
						"0.5417": {
							"vector": [-92.06058, -11.67796, 5.6826]
						},
						"0.7083": {
							"vector": [-92.06058, -11.67796, 5.6826]
						},
						"0.9583": {
							"vector": [-29.45151, -15.02203, 21.86398]
						},
						"1.2083": {
							"vector": [0, 0, 0]
						}
					},
					"position": {
						"0.0": {
							"vector": [0, 0, 0]
						},
						"0.25": {
							"vector": [-1, 0, -0.85]
						},
						"0.5417": {
							"vector": [0, 0, -4]
						},
						"0.7083": {
							"vector": [0, 0, -4]
						},
						"0.9583": {
							"vector": [0, 0, 0]
						}
					},
					"scale": {
						"vector": [1, 1, 1]
					}
				},
				"left_arm": {
					"rotation": {
						"0.0": {
							"vector": [0, 0, 0]
						},
						"0.25": {
							"vector": [-84.79213, 30.13112, 14.56983]
						},
						"0.5417": {
							"vector": [-44.57996, -39.76438, -8.98905]
						},
						"0.7083": {
							"vector": [-44.57996, -39.76438, -8.98905]
						},
						"0.9583": {
							"vector": [-12.07996, -39.76438, -8.98905]
						},
						"1.2083": {
							"vector": [0, 0, 0]
						}
					},
					"position": {
						"0.0": {
							"vector": [0, 0, 0]
						},
						"0.25": {
							"vector": [2, 0, 0]
						},
						"0.5417": {
							"vector": [0, 0, 2]
						},
						"0.7083": {
							"vector": [0, 0, 2]
						}
					},
					"scale": {
						"vector": [1, 1, 1]
					}
				},
				"right_leg": {
					"rotation": {
						"0.0": {
							"vector": [0, 0, 0]
						},
						"0.25": {
							"vector": [9.85108, -1.72794, 12.35108]
						},
						"0.5417": {
							"vector": [-7.38342, -7.03545, 10.30597]
						},
						"0.7083": {
							"vector": [-7.38342, -7.03545, 10.30597]
						},
						"0.9583": {
							"vector": [0.73238, -6.99838, 5.26835]
						},
						"1.2083": {
							"vector": [0, 0, 0]
						}
					},
					"position": {
						"vector": [0, 0, 0]
					},
					"scale": {
						"vector": [1, 1, 1]
					}
				},
				"left_leg": {
					"rotation": {
						"0.0": {
							"vector": [0, 0, 0]
						},
						"0.25": {
							"vector": [-7.5, 0, -10]
						},
						"0.5417": {
							"vector": [4.93603, 7.43547, -10.98448]
						},
						"0.7083": {
							"vector": [4.93603, 7.43547, -10.98448]
						},
						"0.9583": {
							"vector": [0.566, 6.97758, -5.96581]
						},
						"1.2083": {
							"vector": [0, 0, 0]
						}
					},
					"position": {
						"vector": [0, 0, 0]
					},
					"scale": {
						"vector": [1, 1, 1]
					}
				}
			}
		}
	}
}